level,fenics_custom,jax_petsc_element,jax_serial
1,197.775074,197.75458224162878,197.74950930751214
2,116.338468,116.32441289341078,116.32403727263068
3,93.705214,93.70497674438255,93.70403868996232
4,,,
