{
  "rows": [
    {
      "np": 1.0,
      "dup_factor": 1.0,
      "overlap_dof_factor": 1.0075345399599525,
      "local_elem_min": 147352,
      "local_elem_max": 147352,
      "output_path": "artifacts/raw_results/assembly_opt_ladder/coo_chunk4_sweep/np1/output.json",
      "total_time": 1390.342560836114,
      "solve_time": 685.3969955588691,
      "problem_load": 312.90005680406466,
      "assembler_create": 44.43773267697543,
      "mg_hierarchy_build": 17.925768193323165,
      "initial_guess_total": 324.9664432089776,
      "energy_total": 26.699530052021146,
      "gradient_total": 8.719171462580562,
      "hessian_total": 537.2323713344522,
      "hessian_hvp": 192.22763426229358,
      "hessian_extraction": 342.3655154015869,
      "hessian_coo": 1.6671489318832755,
      "linear1_t_assemble": 301.70175325497985,
      "linear1_t_setup": 48.81212006090209,
      "linear1_t_solve": 302.930720702745,
      "speedup": 1.0,
      "efficiency": 1.0
    },
    {
      "np": 2.0,
      "dup_factor": 1.0263382919811064,
      "overlap_dof_factor": 1.040624856165568,
      "local_elem_min": 75476,
      "local_elem_max": 75757,
      "output_path": "artifacts/raw_results/assembly_opt_ladder/coo_chunk4_sweep/np2/output.json",
      "total_time": 789.8137093549594,
      "solve_time": 367.93726461427286,
      "problem_load": 207.58372322516516,
      "assembler_create": 33.27964920597151,
      "mg_hierarchy_build": 9.8537542601116,
      "initial_guess_total": 176.00483140395954,
      "energy_total": 14.160074322018772,
      "gradient_total": 5.028741062153131,
      "hessian_total": 292.9845041721128,
      "hessian_hvp": 107.50026948004961,
      "hessian_extraction": 185.69924174016342,
      "hessian_coo": 0.9386951168999076,
      "linear1_t_assemble": 164.63777842884883,
      "linear1_t_setup": 26.982795249205083,
      "linear1_t_solve": 160.56982237193733,
      "speedup": 1.7603424001991637,
      "efficiency": 0.8801712000995818
    },
    {
      "np": 4.0,
      "dup_factor": 1.0744815136543786,
      "overlap_dof_factor": 1.101430279226431,
      "local_elem_min": 38248,
      "local_elem_max": 40902,
      "output_path": "artifacts/raw_results/assembly_opt_ladder/coo_chunk4_sweep/np4/output.json",
      "total_time": 443.9013222800568,
      "solve_time": 208.62472997279838,
      "problem_load": 113.89814928080887,
      "assembler_create": 35.47058088006452,
      "mg_hierarchy_build": 6.299544098321348,
      "initial_guess_total": 95.71466689091176,
      "energy_total": 8.71443981397897,
      "gradient_total": 3.6110792979598045,
      "hessian_total": 156.76267499709502,
      "hessian_hvp": 62.61966204922646,
      "hessian_extraction": 93.37239715224132,
      "hessian_coo": 0.49993074871599674,
      "linear1_t_assemble": 88.28562940098345,
      "linear1_t_setup": 21.116461697034538,
      "linear1_t_solve": 95.224068548996,
      "speedup": 3.1320982638545707,
      "efficiency": 0.7830245659636427
    },
    {
      "np": 8.0,
      "dup_factor": 1.1522951843205387,
      "overlap_dof_factor": 1.1997247086717806,
      "local_elem_min": 18880,
      "local_elem_max": 22482,
      "output_path": "artifacts/raw_results/assembly_opt_ladder/coo_chunk4_sweep/np8/output.json",
      "total_time": 289.33943381300196,
      "solve_time": 147.13614058634266,
      "problem_load": 61.88564976816997,
      "assembler_create": 28.630325512960553,
      "mg_hierarchy_build": 5.21456239419058,
      "initial_guess_total": 59.35816844878718,
      "energy_total": 5.676043597981334,
      "gradient_total": 2.8091926421038806,
      "hessian_total": 88.42339997459203,
      "hessian_hvp": 37.61494486872107,
      "hessian_extraction": 50.06439317017794,
      "hessian_coo": 0.2656001280993223,
      "linear1_t_assemble": 50.20043033268303,
      "linear1_t_setup": 17.68870449718088,
      "linear1_t_solve": 79.34048337535933,
      "speedup": 4.805230115071984,
      "efficiency": 0.600653764383998
    },
    {
      "np": 16.0,
      "dup_factor": 1.3181633096259298,
      "overlap_dof_factor": 1.409209218506842,
      "local_elem_min": 9762,
      "local_elem_max": 13250,
      "output_path": "artifacts/raw_results/assembly_opt_ladder/coo_chunk4_sweep/np16/output.json",
      "total_time": 166.1523418049328,
      "solve_time": 85.86360669881105,
      "problem_load": 30.470784944016486,
      "assembler_create": 17.1572757656686,
      "mg_hierarchy_build": 4.011010165326297,
      "initial_guess_total": 33.63243831973523,
      "energy_total": 3.388642936013639,
      "gradient_total": 1.6451544002629817,
      "hessian_total": 48.80032851686701,
      "hessian_hvp": 23.680115995928645,
      "hessian_extraction": 24.91670433897525,
      "hessian_coo": 0.19282732577994466,
      "linear1_t_assemble": 28.219591089058667,
      "linear1_t_setup": 11.891558388713747,
      "linear1_t_solve": 47.79940180387348,
      "speedup": 8.367878211842555,
      "efficiency": 0.5229923882401597
    },
    {
      "np": 32.0,
      "dup_factor": 1.6463841685216352,
      "overlap_dof_factor": 1.823866004154042,
      "local_elem_min": 5017,
      "local_elem_max": 8625,
      "output_path": "artifacts/raw_results/assembly_opt_ladder/coo_chunk4_sweep/np32/output.json",
      "total_time": 109.831378265284,
      "solve_time": 58.45875449478626,
      "problem_load": 17.84399514319375,
      "assembler_create": 14.60504781967029,
      "mg_hierarchy_build": 4.188905879855156,
      "initial_guess_total": 20.05879445420578,
      "energy_total": 2.9667146876454353,
      "gradient_total": 1.2434781780466437,
      "hessian_total": 31.10999019816518,
      "hessian_hvp": 17.901550706941634,
      "hessian_extraction": 13.07122976751998,
      "hessian_coo": 0.10380035312846303,
      "linear1_t_assemble": 18.569634846877307,
      "linear1_t_setup": 7.897872135974467,
      "linear1_t_solve": 33.021679162979126,
      "speedup": 12.658882942158067,
      "efficiency": 0.3955900919424396
    }
  ],
  "phase_records": [
    {
      "key": "total_time",
      "label": "Total end-to-end",
      "times": [
        1390.342560836114,
        789.8137093549594,
        443.9013222800568,
        289.33943381300196,
        166.1523418049328,
        109.831378265284
      ],
      "rank1": 1390.342560836114,
      "rank32": 109.831378265284,
      "speedup32": 12.658882942158067,
      "eff32": 0.3955900919424396,
      "share_rank1": 1.0
    },
    {
      "key": "solve_time",
      "label": "Nonlinear solve",
      "times": [
        685.3969955588691,
        367.93726461427286,
        208.62472997279838,
        147.13614058634266,
        85.86360669881105,
        58.45875449478626
      ],
      "rank1": 685.3969955588691,
      "rank32": 58.45875449478626,
      "speedup32": 11.724454300852361,
      "eff32": 0.3663891969016363,
      "share_rank1": 0.49296987294029904
    },
    {
      "key": "hessian_total",
      "label": "Hessian callbacks total",
      "times": [
        537.2323713344522,
        292.9845041721128,
        156.76267499709502,
        88.42339997459203,
        48.80032851686701,
        31.10999019816518
      ],
      "rank1": 537.2323713344522,
      "rank32": 31.10999019816518,
      "speedup32": 17.268805548069164,
      "eff32": 0.5396501733771614,
      "share_rank1": 0.38640288118014265
    },
    {
      "key": "hessian_extraction",
      "label": "Hessian extraction",
      "times": [
        342.3655154015869,
        185.69924174016342,
        93.37239715224132,
        50.06439317017794,
        24.91670433897525,
        13.07122976751998
      ],
      "rank1": 342.3655154015869,
      "rank32": 13.07122976751998,
      "speedup32": 26.192295712857344,
      "eff32": 0.818509241026792,
      "share_rank1": 0.24624543982577762
    },
    {
      "key": "initial_guess_total",
      "label": "Elastic initial guess",