{
  "rows": [
    {
      "np": 1.0,
      "dup_factor": 1.0,
      "overlap_dof_factor": 1.0075345399599525,
      "local_elem_min": 147352,
      "local_elem_max": 147352,
      "output_path": "artifacts/raw_results/scaling_probe/p4_l1_2_uniform_tail_maxit1_threads1/np1/output.json",
      "total_time": 1471.5599002768286,
      "solve_time": 681.5813665343449,
      "problem_load": 317.08209577202797,
      "assembler_create": 44.487532946746796,
      "mg_hierarchy_build": 114.2735405890271,
      "initial_guess_total": 309.50041083199903,
      "energy_total": 26.48245049919933,
      "gradient_total": 8.699943681247532,
      "hessian_total": 497.53699501790106,
      "hessian_hvp": 160.06729965889826,
      "hessian_extraction": 334.90003259666264,
      "hessian_coo": 1.6895563038997352,
      "linear1_t_assemble": 277.29523790907115,
      "linear1_t_setup": 47.64101508911699,
      "linear1_t_solve": 324.5894934190437,
      "speedup": 1.0,
      "efficiency": 1.0
    },
    {
      "np": 2.0,
      "dup_factor": 1.0263382919811064,
      "overlap_dof_factor": 1.040624856165568,
      "local_elem_min": 75476,
      "local_elem_max": 75757,
      "output_path": "artifacts/raw_results/scaling_probe/p4_l1_2_uniform_tail_maxit1_threads1/np2/output.json",
      "total_time": 828.0319124190137,
      "solve_time": 352.4789580469951,
      "problem_load": 209.38492368813604,
      "assembler_create": 37.94833369972184,
      "mg_hierarchy_build": 74.48070760676637,
      "initial_guess_total": 163.34117959812284,
      "energy_total": 14.33749916171655,
      "gradient_total": 5.069168204907328,
      "hessian_total": 263.5450985180214,
      "hessian_hvp": 86.41471307072788,
      "hessian_extraction": 175.7309942492284,
      "hessian_coo": 2.749012852087617,
      "linear1_t_assemble": 148.03686682507396,
      "linear1_t_setup": 25.967992034275085,
      "linear1_t_solve": 161.07942584808916,
      "speedup": 1.7771777611539286,
      "efficiency": 0.8885888805769643
    },
    {
      "np": 4.0,
      "dup_factor": 1.0744815136543786,
      "overlap_dof_factor": 1.101430279226431,
      "local_elem_min": 38248,
      "local_elem_max": 40902,
      "output_path": "artifacts/raw_results/scaling_probe/p4_l1_2_uniform_tail_maxit1_threads1/np4/output.json",
      "total_time": 497.1820920682512,
      "solve_time": 198.5398111557588,
      "problem_load": 134.01828129496425,
      "assembler_create": 60.46377036161721,
      "mg_hierarchy_build": 51.62315481482074,
      "initial_guess_total": 89.22291145194322,
      "energy_total": 8.589872314594686,
      "gradient_total": 3.489381209947169,
      "hessian_total": 143.31846573529765,
      "hessian_hvp": 50.18304481729865,
      "hessian_extraction": 92.36760605033487,
      "hessian_coo": 10.310796421486884,
      "linear1_t_assemble": 81.25734492065385,
      "linear1_t_setup": 14.581625158898532,
      "linear1_t_solve": 92.06507037766278,
      "speedup": 2.9598006922478186,
      "efficiency": 0.7399501730619547
    },
    {
      "np": 8.0,
      "dup_factor": 1.1522951843205387,
      "overlap_dof_factor": 1.1997247086717806,
      "local_elem_min": 18880,
      "local_elem_max": 22482,
      "output_path": "artifacts/raw_results/scaling_probe/p4_l1_2_uniform_tail_maxit1_threads1/np8/output.json",
      "total_time": 320.2671403391287,
      "solve_time": 148.53923475882038,
      "problem_load": 61.21041199564934,
      "assembler_create": 27.324178148061037,
      "mg_hierarchy_build": 38.73371834401041,
      "initial_guess_total": 55.987777506001294,
      "energy_total": 5.690970364492387,
      "gradient_total": 2.8112463909201324,
      "hessian_total": 87.11665504286066,
      "hessian_hvp": 34.018439365550876,
      "hessian_extraction": 52.44400471216068,
      "hessian_coo": 10.988029838073999,
      "linear1_t_assemble": 52.37895167199895,
      "linear1_t_setup": 10.074697045143694,
      "linear1_t_solve": 78.73049661098048,
      "speedup": 4.594788896290153,
      "efficiency": 0.5743486120362691
    },
    {
      "np": 16.0,
      "dup_factor": 1.3181633096259298,
      "overlap_dof_factor": 1.409209218506842,
      "local_elem_min": 9762,
      "local_elem_max": 13250,
      "output_path": "artifacts/raw_results/scaling_probe/p4_l1_2_uniform_tail_maxit1_threads1/np16/output.json",
      "total_time": 187.00775334611535,
      "solve_time": 82.08037599734962,
      "problem_load": 29.9006469771266,
      "assembler_create": 15.959038950968534,
      "mg_hierarchy_build": 33.92851276462898,
      "initial_guess_total": 29.811503729783,
      "energy_total": 3.351528525352478,
      "gradient_total": 1.6458472474478185,
      "hessian_total": 48.18283427739516,
      "hessian_hvp": 21.525219124741852,
      "hessian_extraction": 26.248414871282876,
      "hessian_coo": 8.894261908251792,
      "linear1_t_assemble": 29.710087600164115,
      "linear1_t_setup": 5.17037294479087,
      "linear1_t_solve": 42.89237951580435,
      "speedup": 7.8689780180036415,
      "efficiency": 0.4918111261252276
    },
    {
      "np": 32.0,
      "dup_factor": 1.6463841685216352,
      "overlap_dof_factor": 1.823866004154042,
      "local_elem_min": 5017,
      "local_elem_max": 8625,
      "output_path": "artifacts/raw_results/scaling_probe/p4_l1_2_uniform_tail_maxit1_threads1/np32/output.json",
      "total_time": 153.33325005555525,
      "solve_time": 58.97438203310594,
      "problem_load": 17.596854315139353,
      "assembler_create": 15.379462609998882,
      "mg_hierarchy_build": 46.78794532408938,
      "initial_guess_total": 19.214150090236217,
      "energy_total": 2.950147467199713,
      "gradient_total": 1.2191974283196032,
      "hessian_total": 32.3561944658868,
      "hessian_hvp": 17.61523690726608,
      "hessian_extraction": 14.142811317462474,
      "hessian_coo": 8.760804397054017,
      "linear1_t_assemble": 20.61574903316796,
      "linear1_t_setup": 3.085137341171503,
      "linear1_t_solve": 31.639186684973538,
      "speedup": 9.597134996771132,
      "efficiency": 0.29991046864909787
    }
  ],
  "phase_records": [
    {
      "key": "total_time",
      "label": "Total end-to-end",
      "times": [
        1471.5599002768286,
        828.0319124190137,
        497.1820920682512,
        320.2671403391287,
        187.00775334611535,
        153.33325005555525
      ],
      "rank1": 1471.5599002768286,
      "rank32": 153.33325005555525,
      "speedup32": 9.597134996771132,
      "eff32": 0.29991046864909787,
      "share_rank1": 1.0
    },
    {
      "key": "solve_time",
      "label": "Nonlinear solve",
      "times": [
        681.5813665343449,
        352.4789580469951,
        198.5398111557588,
        148.53923475882038,
        82.08037599734962,
        58.97438203310594
      ],
      "rank1": 681.5813665343449,
      "rank32": 58.97438203310594,
      "speedup32": 11.557244739787716,
      "eff32": 0.36116389811836613,
      "share_rank1": 0.46316929837930915
    },
    {
      "key": "hessian_total",
      "label": "Hessian callbacks total",
      "times": [
        497.53699501790106,
        263.5450985180214,
        143.31846573529765,
        87.11665504286066,
        48.18283427739516,
        32.3561944658868
      ],
      "rank1": 497.53699501790106,
      "rank32": 32.3561944658868,
      "speedup32": 15.37686996975047,
      "eff32": 0.48052718655470217,
      "share_rank1": 0.33810176189518676
    },
    {
      "key": "hessian_extraction",
      "label": "Hessian extraction",
      "times": [
        334.90003259666264,
        175.7309942492284,
        92.36760605033487,
        52.44400471216068,
        26.248414871282876,
        14.142811317462474
      ],
      "rank1": 334.90003259666264,
      "rank32": 14.142811317462474,
      "speedup32": 23.679877011662697,
      "eff32": 0.7399961566144593,
      "share_rank1": 0.22758165164303645
    },
    {
      "key": "linear1_t_solve",
      "label": "First linear KSP solve",